{
  "case_id": 1,
  "mpc": {
    "regret": 0.005284521958224708,
    "rel_regret": 0.0007298559460968116,
    "mae_logged": 0.0006714842536232688,
    "mse_logged": 9.537854969659583e-07,
    "mae_recalc": 0.0006714842536232688,
    "mse_recalc": 9.537854969659583e-07
  },
  "pno": {
    "regret": 0.0060100555419921875,
    "rel_regret": 0.0008300608472007739,
    "mae_logged": 0.0005010312253778631,
    "mse_logged": 1.197449201775023e-06,
    "mae_recalc": 0.0005010312253778631,
    "mse_recalc": 1.197449201775023e-06
  }
}