{
  "case_id": 0,
  "mpc": {
    "regret": 0.006100177764892578,
    "rel_regret": 0.0008425078084925024,
    "mae_logged": 0.0006741610440340909,
    "mse_logged": 9.552431379233894e-07,
    "mae_recalc": 0.0006741610440340909,
    "mse_recalc": 9.552431379233894e-07
  },
  "pno": {
    "regret": 0.006100177764892578,
    "rel_regret": 0.0008425078084925024,
    "mae_logged": 0.0005183870142156428,
    "mse_logged": 1.2716974786351123e-06,
    "mae_recalc": 0.0005183870142156428,
    "mse_recalc": 1.2716974786351123e-06
  }
}