{
  "case_id": 1000,
  "mpc": {
    "regret": 0.0011067331418601611,
    "rel_regret": 0.0001530188298498885,
    "mae_logged": 0.0019983107393438167,
    "mse_logged": 4.497899554549307e-06,
    "mae_recalc": 0.0019983107393438167,
    "mse_recalc": 4.497899554549307e-06
  },
  "pno": {
    "regret": 0.0016799996213006096,
    "rel_regret": 0.00023227963450411437,
    "mae_logged": 0.004442059150182375,
    "mse_logged": 2.166624922391922e-05,
    "mae_recalc": 0.004442071557372105,
    "mse_recalc": 2.1666303155567834e-05
  }
}