{
  "case_id": 100,
  "mpc": {
    "regret": 0.004910676982889939,
    "rel_regret": 0.0006781335651906879,
    "mae_logged": 0.0011162541129372337,
    "mse_logged": 2.019142398653044e-06,
    "mae_recalc": 0.0011162541129372337,
    "mse_recalc": 2.019142398653044e-06
  },
  "pno": {
    "regret": 0.005040001755490131,
    "rel_regret": 0.0006959924871658199,
    "mae_logged": 0.00199394506840709,
    "mse_logged": 7.106331745068362e-06,
    "mae_recalc": 0.0019939901972190906,
    "mse_recalc": 7.106565626783493e-06
  }
}