{
  "case_id": 0,
  "mpc": {
    "regret": 0.005284648978967077,
    "rel_regret": 0.0007298734891867691,
    "mae_logged": 0.0006741610440340909,
    "mse_logged": 9.552431379233894e-07,
    "mae_recalc": 0.0006741610440340909,
    "mse_recalc": 9.552431379233894e-07
  },
  "pno": {
    "regret": 0.006099999783891086,
    "rel_regret": 0.0008424832240863567,
    "mae_logged": 0.0005184003322790928,
    "mse_logged": 1.271723970838193e-06,
    "mae_recalc": 0.0005183888089375795,
    "mse_recalc": 1.2717375280644965e-06
  }
}