{
  "case_id": 4000,
  "mpc": {
    "regret": 0.004720686318881562,
    "rel_regret": 0.0006499699671111875,
    "mae_logged": 0.0009292147376320579,
    "mse_logged": 1.1391060907457855e-06,
    "mae_recalc": 0.0009292147376320579,
    "mse_recalc": 1.1391060907457855e-06
  },
  "pno": {
    "regret": 0.005070001008617986,
    "rel_regret": 0.0006980655202739956,
    "mae_logged": 0.0017285956354459277,
    "mse_logged": 5.741422062126782e-06,
    "mae_recalc": 0.0017286008657962824,
    "mse_recalc": 5.741430313084765e-06
  }
}