{
  "case_id": 1000,
  "mpc": {
    "regret": 0.001248945754829478,
    "rel_regret": null,
    "mae_logged": 0.002277959476817738,
    "mse_logged": 5.46122706427096e-06,
    "mae_recalc": 0.002277959476817738,
    "mse_recalc": 5.46122706427096e-06
  },
  "pno": {
    "regret": 0.002040386199951172,
    "rel_regret": 0.00028210730929555784,
    "mae_recalc": 0.003994535316120495,
    "mse_recalc": 1.7975127096034075e-05
  }
}