{
    "MSE": 0.007349072955548763,
    "MAE": 0.057150598615407944,
    "Regret": 0.0037205353089380814,
    "Rel Regret": 0.0005145005392475815
}