{
    "MSE": 0.005335764493793249,
    "MAE": 0.042470648884773254,
    "Regret": 0.0033423707357958764,
    "Rel Regret": 0.0004621826786635229
}