{
    "MSE": 0.005335764493793249,
    "MAE": 0.042470648884773254,
    "Regret": 0.0033423710041289687,
    "Rel Regret": 0.00046218272238272444
}