{
  "case_id": 1,
  "mpc": {
    "regret": 0.0016498565673828125,
    "rel_regret": null,
    "mae_logged": 0.0005192485722628506,
    "mse_logged": 6.820454530043207e-07,
    "mae_recalc": 0.0005192485722628506,
    "mse_recalc": 6.820454530043207e-07
  },
  "pno": {
    "regret": 0.006100177764892578,
    "rel_regret": 0.0008425078084925024,
    "mae_recalc": 0.0005550276149402965,
    "mse_recalc": 1.257327684553192e-06
  }
}