{
  "case_id": 100,
  "mpc": {
    "regret": 0.005040168762207031,
    "rel_regret": null,
    "mae_logged": 0.0006344155831770463,
    "mse_logged": 6.939411321127409e-07,
    "mae_recalc": 0.0006344155831770463,
    "mse_recalc": 6.939411321127409e-07
  },
  "pno": {
    "regret": 0.004660129547119141,
    "rel_regret": 0.0006435345421923055,
    "mae_recalc": 0.0019406947222622957,
    "mse_recalc": 6.784657939947052e-06
  }
}