{
  "case_id": 0,
  "mpc": {
    "regret": 0.0016498565673828125,
    "rel_regret": null,
    "mae_logged": 0.0005191564559936523,
    "mse_logged": 6.819999033392709e-07,
    "mae_recalc": 0.0005191564559936523,
    "mse_recalc": 6.819999033392709e-07
  },
  "pno": {
    "regret": 0.006099700927734375,
    "rel_regret": 0.000842441951554451,
    "mae_recalc": 0.0005782354961742054,
    "mse_recalc": 1.3250403634918422e-06
  }
}